Período,ÁMBITO GEOGRÁFICO,NIVEL DE CONFIANZA,Numero Faltas
Nov 2015 - Abr 2016,NACIONAL,NADA / POCO,62.803085327148402
Nov 2015 - Abr 2016,NACIONAL,SUFICIENTE / BASTANTE,22.933233261108299
Nov 2015 - Abr 2016,NACIONAL,NO SABE,14.2636804580688
Nov 2015 - Abr 2016,URBANO,NADA / POCO,65.831497192382798
Nov 2015 - Abr 2016,URBANO,SUFICIENTE / BASTANTE,25.576820373535099
Nov 2015 - Abr 2016,URBANO,NO SABE,8.5916843414306605
Nov 2015 - Abr 2016,RURAL,NADA / POCO,50.820953369140597
Nov 2015 - Abr 2016,RURAL,SUFICIENTE / BASTANTE,12.473669052124
Nov 2015 - Abr 2016,RURAL,NO SABE,36.705379486083899
Dic 2015 - May 2016,NACIONAL,NADA / POCO,62.7807006835937
Dic 2015 - May 2016,NACIONAL,SUFICIENTE / BASTANTE,23.018587112426701
Dic 2015 - May 2016,NACIONAL,NO SABE,14.2007141113281
Dic 2015 - May 2016,URBANO,NADA / POCO,65.814788818359304
Dic 2015 - May 2016,URBANO,SUFICIENTE / BASTANTE,25.5649108886718
Dic 2015 - May 2016,URBANO,NO SABE,8.62030029296875
Dic 2015 - May 2016,RURAL,NADA / POCO,50.755657196044901
Dic 2015 - May 2016,RURAL,SUFICIENTE / BASTANTE,12.9267044067382
Dic 2015 - May 2016,RURAL,NO SABE,36.317638397216697
Ene 2016 - Jun 2016,NACIONAL,NADA / POCO,63.178138732910099
Ene 2016 - Jun 2016,NACIONAL,SUFICIENTE / BASTANTE,23.0402812957763
Ene 2016 - Jun 2016,NACIONAL,NO SABE,13.7815790176391
Ene 2016 - Jun 2016,URBANO,NADA / POCO,66.400665283203097
Ene 2016 - Jun 2016,URBANO,SUFICIENTE / BASTANTE,25.4681892395019
Ene 2016 - Jun 2016,URBANO,NO SABE,8.1311435699462802
Ene 2016 - Jun 2016,RURAL,NADA / POCO,50.3555297851562
Ene 2016 - Jun 2016,RURAL,SUFICIENTE / BASTANTE,13.3795099258422
Ene 2016 - Jun 2016,RURAL,NO SABE,36.264961242675703
Feb 2016 - Jul 2016,NACIONAL,NADA / POCO,63.061485290527301
Feb 2016 - Jul 2016,NACIONAL,SUFICIENTE / BASTANTE,22.733423233032202
Feb 2016 - Jul 2016,NACIONAL,NO SABE,14.205093383789
Feb 2016 - Jul 2016,URBANO,NADA / POCO,66.343650817870994
Feb 2016 - Jul 2016,URBANO,SUFICIENTE / BASTANTE,25.09663772583
Feb 2016 - Jul 2016,URBANO,NO SABE,8.5597105026245099
Feb 2016 - Jul 2016,RURAL,NADA / POCO,49.982208251953097
Feb 2016 - Jul 2016,RURAL,SUFICIENTE / BASTANTE,13.316133499145501
Feb 2016 - Jul 2016,RURAL,NO SABE,36.701656341552699
Mar 2016 - Ago 2016,NACIONAL,NADA / POCO,63.012741088867102
Mar 2016 - Ago 2016,NACIONAL,SUFICIENTE / BASTANTE,22.7734279632568
Mar 2016 - Ago 2016,NACIONAL,NO SABE,14.213829040527299
Mar 2016 - Ago 2016,URBANO,NADA / POCO,66.101943969726506
Mar 2016 - Ago 2016,URBANO,SUFICIENTE / BASTANTE,25.050035476684499
Mar 2016 - Ago 2016,URBANO,NO SABE,8.8480176925659109
Mar 2016 - Ago 2016,RURAL,NADA / POCO,50.7216186523437
Mar 2016 - Ago 2016,RURAL,SUFICIENTE / BASTANTE,13.7154064178466
Mar 2016 - Ago 2016,RURAL,NO SABE,35.562973022460902
Abr 2016 - Sep 2016,NACIONAL,NADA / POCO,63.127288818359297
Abr 2016 - Sep 2016,NACIONAL,SUFICIENTE / BASTANTE,22.359088897705
Abr 2016 - Sep 2016,NACIONAL,NO SABE,14.5136241912841
Abr 2016 - Sep 2016,URBANO,NADA / POCO,66.003440856933494
Abr 2016 - Sep 2016,URBANO,SUFICIENTE / BASTANTE,24.610860824584901
Abr 2016 - Sep 2016,URBANO,NO SABE,9.3856935501098597
Abr 2016 - Sep 2016,RURAL,NADA / POCO,51.682933807372997
Abr 2016 - Sep 2016,RURAL,SUFICIENTE / BASTANTE,13.3991842269897
Abr 2016 - Sep 2016,RURAL,NO SABE,34.917884826660099
May 2016 - Oct 2016,NACIONAL,NADA / POCO,62.817390441894503
May 2016 - Oct 2016,NACIONAL,SUFICIENTE / BASTANTE,22.6623840332031
May 2016 - Oct 2016,NACIONAL,NO SABE,14.5202264785766
May 2016 - Oct 2016,URBANO,NADA / POCO,65.401611328125
May 2016 - Oct 2016,URBANO,SUFICIENTE / BASTANTE,24.975404739379801
May 2016 - Oct 2016,URBANO,NO SABE,9.6229829788208008
May 2016 - Oct 2016,RURAL,NADA / POCO,52.485694885253899
May 2016 - Oct 2016,RURAL,SUFICIENTE / BASTANTE,13.414948463439901
May 2016 - Oct 2016,RURAL,NO SABE,34.099353790283203
Jun 2016 - Nov 2016,NACIONAL,NADA / POCO,62.622356414794901
Jun 2016 - Nov 2016,NACIONAL,SUFICIENTE / BASTANTE,22.578912734985298
Jun 2016 - Nov 2016,NACIONAL,NO SABE,14.798729896545399
Jun 2016 - Nov 2016,URBANO,NADA / POCO,65.081474304199205
Jun 2016 - Nov 2016,URBANO,SUFICIENTE / BASTANTE,24.990066528320298
Jun 2016 - Nov 2016,URBANO,NO SABE,9.9284610748290998
Jun 2016 - Nov 2016,RURAL,NADA / POCO,52.782344818115199
Jun 2016 - Nov 2016,RURAL,SUFICIENTE / BASTANTE,12.9308147430419
Jun 2016 - Nov 2016,RURAL,NO SABE,34.286838531494098
Jul 2016 - Dic 2016,NACIONAL,NADA / POCO,62.725551605224602
Jul 2016 - Dic 2016,NACIONAL,SUFICIENTE / BASTANTE,22.304744720458899
Jul 2016 - Dic 2016,NACIONAL,NO SABE,14.969702720641999
Jul 2016 - Dic 2016,URBANO,NADA / POCO,65.272361755370994
Jul 2016 - Dic 2016,URBANO,SUFICIENTE / BASTANTE,24.660573959350501
Jul 2016 - Dic 2016,URBANO,NO SABE,10.0670623779296
Jul 2016 - Dic 2016,RURAL,NADA / POCO,52.491069793701101
Jul 2016 - Dic 2016,RURAL,SUFICIENTE / BASTANTE,12.837719917297299
Jul 2016 - Dic 2016,RURAL,NO SABE,34.671211242675703
Ago 2016 - Ene 2017,NACIONAL,NADA / POCO,63.118189999999998
Ago 2016 - Ene 2017,NACIONAL,SUFICIENTE / BASTANTE,22.140899999999998
Ago 2016 - Ene 2017,NACIONAL,NO SABE,14.74091
Ago 2016 - Ene 2017,URBANO,NADA / POCO,65.72175
Ago 2016 - Ene 2017,URBANO,SUFICIENTE / BASTANTE,24.416329999999999
Ago 2016 - Ene 2017,URBANO,NO SABE,9.8619249999999994
Ago 2016 - Ene 2017,RURAL,NADA / POCO,52.602359999999997
Ago 2016 - Ene 2017,RURAL,SUFICIENTE / BASTANTE,12.950369999999999
Ago 2016 - Ene 2017,RURAL,NO SABE,34.447270000000003
Sep 2016 - Feb 2017,NACIONAL,NADA / POCO,63.072960000000002
Sep 2016 - Feb 2017,NACIONAL,SUFICIENTE / BASTANTE,22.0883
Sep 2016 - Feb 2017,NACIONAL,NO SABE,14.83874
Sep 2016 - Feb 2017,URBANO,NADA / POCO,65.907560000000004
Sep 2016 - Feb 2017,URBANO,SUFICIENTE / BASTANTE,24.45336
Sep 2016 - Feb 2017,URBANO,NO SABE,9.6390829999999994
Sep 2016 - Feb 2017,RURAL,NADA / POCO,51.562480000000001
Sep 2016 - Feb 2017,RURAL,SUFICIENTE / BASTANTE,12.484540000000001
Sep 2016 - Feb 2017,RURAL,NO SABE,35.952979999999997
Oct 2016 - Mar 2017,NACIONAL,NADA / POCO,63.073360000000001
Oct 2016 - Mar 2017,NACIONAL,SUFICIENTE / BASTANTE,22.099119999999999
Oct 2016 - Mar 2017,NACIONAL,NO SABE,14.827529999999999
Oct 2016 - Mar 2017,URBANO,NADA / POCO,66.182569999999998
Oct 2016 - Mar 2017,URBANO,SUFICIENTE / BASTANTE,24.460070000000002
Oct 2016 - Mar 2017,URBANO,NO SABE,9.3573590000000006
Oct 2016 - Mar 2017,RURAL,NADA / POCO,50.42398
Oct 2016 - Mar 2017,RURAL,SUFICIENTE / BASTANTE,12.493919999999999
Oct 2016 - Mar 2017,RURAL,NO SABE,37.082099999999997
Nov 2016 - Abr 2017,NACIONAL,NADA / POCO,63.281999999999996
Nov 2016 - Abr 2017,NACIONAL,SUFICIENTE / BASTANTE,22.069520000000001
Nov 2016 - Abr 2017,NACIONAL,NO SABE,14.64847
Nov 2016 - Abr 2017,URBANO,NADA / POCO,66.583569999999995
Nov 2016 - Abr 2017,URBANO,SUFICIENTE / BASTANTE,24.388470000000002
Nov 2016 - Abr 2017,URBANO,NO SABE,9.0279539999999994
Nov 2016 - Abr 2017,RURAL,NADA / POCO,49.843589999999999
Nov 2016 - Abr 2017,RURAL,SUFICIENTE / BASTANTE,12.63069
Nov 2016 - Abr 2017,RURAL,NO SABE,37.52572
Dic 2016 - May 2017,NACIONAL,NADA / POCO,63.074579999999997
Dic 2016 - May 2017,NACIONAL,SUFICIENTE / BASTANTE,22.65258
Dic 2016 - May 2017,NACIONAL,NO SABE,14.27284
Dic 2016 - May 2017,URBANO,NADA / POCO,66.168880000000001
Dic 2016 - May 2017,URBANO,SUFICIENTE / BASTANTE,25.170950000000001
Dic 2016 - May 2017,URBANO,NO SABE,8.6601689999999998
Dic 2016 - May 2017,RURAL,NADA / POCO,50.42042
Dic 2016 - May 2017,RURAL,SUFICIENTE / BASTANTE,12.35371
Dic 2016 - May 2017,RURAL,NO SABE,37.22587
Ene 2017 - Jun 2017,NACIONAL,NADA / POCO,63.177590000000002
Ene 2017 - Jun 2017,NACIONAL,SUFICIENTE / BASTANTE,22.755179999999999
Ene 2017 - Jun 2017,NACIONAL,NO SABE,14.067220000000001
Ene 2017 - Jun 2017,URBANO,NADA / POCO,66.216290000000001
Ene 2017 - Jun 2017,URBANO,SUFICIENTE / BASTANTE,25.273589999999999
Ene 2017 - Jun 2017,URBANO,NO SABE,8.5101220000000009
Ene 2017 - Jun 2017,RURAL,NADA / POCO,50.746720000000003
Ene 2017 - Jun 2017,RURAL,SUFICIENTE / BASTANTE,12.45276
Ene 2017 - Jun 2017,RURAL,NO SABE,36.800519999999999
Feb 2017 - Jul 2017,NACIONAL,NADA / POCO,63.323970000000003
Feb 2017 - Jul 2017,NACIONAL,SUFICIENTE / BASTANTE,22.225909999999999
Feb 2017 - Jul 2017,NACIONAL,NO SABE,14.45012
Feb 2017 - Jul 2017,URBANO,NADA / POCO,66.362099999999998
Feb 2017 - Jul 2017,URBANO,SUFICIENTE / BASTANTE,24.761240000000001
Feb 2017 - Jul 2017,URBANO,NO SABE,8.8766630000000006
Feb 2017 - Jul 2017,RURAL,NADA / POCO,50.878700000000002
Feb 2017 - Jul 2017,RURAL,SUFICIENTE / BASTANTE,11.840310000000001
Feb 2017 - Jul 2017,RURAL,NO SABE,37.280990000000003
Mar 2017 - Ago 2017,NACIONAL,NADA / POCO,63.284970000000001
Mar 2017 - Ago 2017,NACIONAL,SUFICIENTE / BASTANTE,21.791910000000001
Mar 2017 - Ago 2017,NACIONAL,NO SABE,14.923120000000001
Mar 2017 - Ago 2017,URBANO,NADA / POCO,66.176060000000007
Mar 2017 - Ago 2017,URBANO,SUFICIENTE / BASTANTE,24.279530000000001
Mar 2017 - Ago 2017,URBANO,NO SABE,9.5444089999999999
Mar 2017 - Ago 2017,RURAL,NADA / POCO,51.39526
Mar 2017 - Ago 2017,RURAL,SUFICIENTE / BASTANTE,11.561439999999999
Mar 2017 - Ago 2017,RURAL,NO SABE,37.043300000000002
Abr 2017 - Sep 2017,NACIONAL,NADA / POCO,63.591929999999998
Abr 2017 - Sep 2017,NACIONAL,SUFICIENTE / BASTANTE,21.507999999999999
Abr 2017 - Sep 2017,NACIONAL,NO SABE,14.900069999999999
Abr 2017 - Sep 2017,URBANO,NADA / POCO,66.335539999999995
Abr 2017 - Sep 2017,URBANO,SUFICIENTE / BASTANTE,24.00713
Abr 2017 - Sep 2017,URBANO,NO SABE,9.6573279999999997
Abr 2017 - Sep 2017,RURAL,NADA / POCO,52.253219999999999
Abr 2017 - Sep 2017,RURAL,SUFICIENTE / BASTANTE,11.17967
Abr 2017 - Sep 2017,RURAL,NO SABE,36.567120000000003
May 2017 - Oct 2017,NACIONAL,NADA / POCO,63.813020000000002
May 2017 - Oct 2017,NACIONAL,SUFICIENTE / BASTANTE,20.811109999999999
May 2017 - Oct 2017,NACIONAL,NO SABE,15.375870000000001
May 2017 - Oct 2017,URBANO,NADA / POCO,66.328249999999997
May 2017 - Oct 2017,URBANO,SUFICIENTE / BASTANTE,23.187850000000001
May 2017 - Oct 2017,URBANO,NO SABE,10.4839
May 2017 - Oct 2017,RURAL,NADA / POCO,53.379240000000003
May 2017 - Oct 2017,RURAL,SUFICIENTE / BASTANTE,10.951790000000001
May 2017 - Oct 2017,RURAL,NO SABE,35.668970000000002
Jun 2017 - Nov 2017,NACIONAL,NADA / POCO,64.781229999999994
Jun 2017 - Nov 2017,NACIONAL,SUFICIENTE / BASTANTE,19.66582
Jun 2017 - Nov 2017,NACIONAL,NO SABE,15.552949999999999
Jun 2017 - Nov 2017,URBANO,NADA / POCO,67.637900000000002
Jun 2017 - Nov 2017,URBANO,SUFICIENTE / BASTANTE,21.601970000000001
Jun 2017 - Nov 2017,URBANO,NO SABE,10.76013
Jun 2017 - Nov 2017,RURAL,NADA / POCO,52.92783
Jun 2017 - Nov 2017,RURAL,SUFICIENTE / BASTANTE,11.632009999999999
Jun 2017 - Nov 2017,RURAL,NO SABE,35.440159999999999
Jul 2017 - Dic 2017,NACIONAL,NADA / POCO,64.355999999999995
Jul 2017 - Dic 2017,NACIONAL,SUFICIENTE / BASTANTE,19.692419999999998
Jul 2017 - Dic 2017,NACIONAL,NO SABE,15.95158
Jul 2017 - Dic 2017,URBANO,NADA / POCO,67.11251
Jul 2017 - Dic 2017,URBANO,SUFICIENTE / BASTANTE,21.70514
Jul 2017 - Dic 2017,URBANO,NO SABE,11.18235
Jul 2017 - Dic 2017,RURAL,NADA / POCO,52.862110000000001
Jul 2017 - Dic 2017,RURAL,SUFICIENTE / BASTANTE,11.29993
Jul 2017 - Dic 2017,RURAL,NO SABE,35.837969999999999
Ago 2017 - Ene 2018,NACIONAL,NADA / POCO,64.047839999999994
Ago 2017 - Ene 2018,NACIONAL,SUFICIENTE / BASTANTE,19.719629999999999
Ago 2017 - Ene 2018,NACIONAL,NO SABE,16.232530000000001
Ago 2017 - Ene 2018,URBANO,NADA / POCO,66.709389999999999
Ago 2017 - Ene 2018,URBANO,SUFICIENTE / BASTANTE,21.798079999999999
Ago 2017 - Ene 2018,URBANO,NO SABE,11.49253
Ago 2017 - Ene 2018,RURAL,NADA / POCO,52.937669999999997
Ago 2017 - Ene 2018,RURAL,SUFICIENTE / BASTANTE,11.043509999999999
Ago 2017 - Ene 2018,RURAL,NO SABE,36.018819999999998
Sep 2017 - Feb 2018,NACIONAL,NADA / POCO,64.427009999999996
Sep 2017 - Feb 2018,NACIONAL,SUFICIENTE / BASTANTE,19.43656
Sep 2017 - Feb 2018,NACIONAL,NO SABE,16.136430000000001
Sep 2017 - Feb 2018,URBANO,NADA / POCO,67.091070000000002
Sep 2017 - Feb 2018,URBANO,SUFICIENTE / BASTANTE,21.517199999999999
Sep 2017 - Feb 2018,URBANO,NO SABE,11.391719999999999
Sep 2017 - Feb 2018,RURAL,NADA / POCO,53.320050000000002
Sep 2017 - Feb 2018,RURAL,SUFICIENTE / BASTANTE,10.76201
Sep 2017 - Feb 2018,RURAL,NO SABE,35.917929999999998
Oct 2017 - Mar 2018,NACIONAL,NADA / POCO,64.393360000000001
Oct 2017 - Mar 2018,NACIONAL,SUFICIENTE / BASTANTE,19.443110000000001
Oct 2017 - Mar 2018,NACIONAL,NO SABE,16.163519999999998
Oct 2017 - Mar 2018,URBANO,NADA / POCO,67.134270000000001
Oct 2017 - Mar 2018,URBANO,SUFICIENTE / BASTANTE,21.431539999999998
Oct 2017 - Mar 2018,URBANO,NO SABE,11.434189999999999
Oct 2017 - Mar 2018,RURAL,NADA / POCO,52.942369999999997
Oct 2017 - Mar 2018,RURAL,SUFICIENTE / BASTANTE,11.135809999999999
Oct 2017 - Mar 2018,RURAL,NO SABE,35.921819999999997
Nov 2017 - Abr 2018,NACIONAL,NADA / POCO,64.535820000000001
Nov 2017 - Abr 2018,NACIONAL,SUFICIENTE / BASTANTE,20.01127
Nov 2017 - Abr 2018,NACIONAL,NO SABE,15.452909999999999
Nov 2017 - Abr 2018,URBANO,NADA / POCO,67.291200000000003
Nov 2017 - Abr 2018,URBANO,SUFICIENTE / BASTANTE,22.05677
Nov 2017 - Abr 2018,URBANO,NO SABE,10.65202
Nov 2017 - Abr 2018,RURAL,NADA / POCO,52.977429999999998
Nov 2017 - Abr 2018,RURAL,SUFICIENTE / BASTANTE,11.430730000000001
Nov 2017 - Abr 2018,RURAL,NO SABE,35.591839999999998
Dic 2017 - May 2018,NACIONAL,NADA / POCO,64.637140000000002
Dic 2017 - May 2018,NACIONAL,SUFICIENTE / BASTANTE,20.091850000000001
Dic 2017 - May 2018,NACIONAL,NO SABE,15.27101
Dic 2017 - May 2018,URBANO,NADA / POCO,67.222369999999998
Dic 2017 - May 2018,URBANO,SUFICIENTE / BASTANTE,22.176349999999999
Dic 2017 - May 2018,URBANO,NO SABE,10.601279999999999
Dic 2017 - May 2018,RURAL,NADA / POCO,53.745600000000003
Dic 2017 - May 2018,RURAL,SUFICIENTE / BASTANTE,11.309900000000001
Dic 2017 - May 2018,RURAL,NO SABE,34.944499999999998
Ene 2018 - Jun 2018,NACIONAL,NADA / POCO,65.921670000000006
Ene 2018 - Jun 2018,NACIONAL,SUFICIENTE / BASTANTE,19.24099
Ene 2018 - Jun 2018,NACIONAL,NO SABE,14.837339999999999
Ene 2018 - Jun 2018,URBANO,NADA / POCO,68.626339999999999
Ene 2018 - Jun 2018,URBANO,SUFICIENTE / BASTANTE,21.08475
Ene 2018 - Jun 2018,URBANO,NO SABE,10.288919999999999
Ene 2018 - Jun 2018,RURAL,NADA / POCO,54.511920000000003
Ene 2018 - Jun 2018,RURAL,SUFICIENTE / BASTANTE,11.46306
Ene 2018 - Jun 2018,RURAL,NO SABE,34.025019999999998
Feb 2018 - Jul 2018,NACIONAL,NADA / POCO,66.967730000000003
Feb 2018 - Jul 2018,NACIONAL,SUFICIENTE / BASTANTE,18.585070000000002
Feb 2018 - Jul 2018,NACIONAL,NO SABE,14.4472
Feb 2018 - Jul 2018,URBANO,NADA / POCO,69.840389999999999
Feb 2018 - Jul 2018,URBANO,SUFICIENTE / BASTANTE,20.347439999999999
Feb 2018 - Jul 2018,URBANO,NO SABE,9.8121700000000001
Feb 2018 - Jul 2018,RURAL,NADA / POCO,54.797609999999999
Feb 2018 - Jul 2018,RURAL,SUFICIENTE / BASTANTE,11.11876
Feb 2018 - Jul 2018,RURAL,NO SABE,34.083629999999999
Mar 2018 - Ago 2018,NACIONAL,NADA / POCO,68.313680000000005
Mar 2018 - Ago 2018,NACIONAL,SUFICIENTE / BASTANTE,17.73161
Mar 2018 - Ago 2018,NACIONAL,NO SABE,13.95471
Mar 2018 - Ago 2018,URBANO,NADA / POCO,71.123199999999997
Mar 2018 - Ago 2018,URBANO,SUFICIENTE / BASTANTE,19.319929999999999
Mar 2018 - Ago 2018,URBANO,NO SABE,9.5568639999999991
Mar 2018 - Ago 2018,RURAL,NADA / POCO,56.341729999999998
Mar 2018 - Ago 2018,RURAL,SUFICIENTE / BASTANTE,10.96345
Mar 2018 - Ago 2018,RURAL,NO SABE,32.69482
Abr 2018 - Sep 2018,NACIONAL,NADA / POCO,68.388760000000005
Abr 2018 - Sep 2018,NACIONAL,SUFICIENTE / BASTANTE,17.458089999999999
Abr 2018 - Sep 2018,NACIONAL,NO SABE,14.15315
Abr 2018 - Sep 2018,URBANO,NADA / POCO,71.006180000000001
Abr 2018 - Sep 2018,URBANO,SUFICIENTE / BASTANTE,19.09111
Abr 2018 - Sep 2018,URBANO,NO SABE,9.9027060000000002
Abr 2018 - Sep 2018,RURAL,NADA / POCO,57.213009999999997
Abr 2018 - Sep 2018,RURAL,SUFICIENTE / BASTANTE,10.48551
Abr 2018 - Sep 2018,RURAL,NO SABE,32.301470000000002
May 2018 - Oct 2018,NACIONAL,NADA / POCO,68.669520000000006
May 2018 - Oct 2018,NACIONAL,SUFICIENTE / BASTANTE,16.810199999999998
May 2018 - Oct 2018,NACIONAL,NO SABE,14.52028
May 2018 - Oct 2018,URBANO,NADA / POCO,71.279129999999995
May 2018 - Oct 2018,URBANO,SUFICIENTE / BASTANTE,18.414390000000001
May 2018 - Oct 2018,URBANO,NO SABE,10.306480000000001
May 2018 - Oct 2018,RURAL,NADA / POCO,57.51652
May 2018 - Oct 2018,RURAL,SUFICIENTE / BASTANTE,9.9541930000000001
May 2018 - Oct 2018,RURAL,NO SABE,32.52928
Jun 2018 - Nov 2018,NACIONAL,NADA / POCO,68.533289999999994
Jun 2018 - Nov 2018,NACIONAL,SUFICIENTE / BASTANTE,17.108280000000001
Jun 2018 - Nov 2018,NACIONAL,NO SABE,14.358420000000001
Jun 2018 - Nov 2018,URBANO,NADA / POCO,70.926500000000004
Jun 2018 - Nov 2018,URBANO,SUFICIENTE / BASTANTE,18.89967
Jun 2018 - Nov 2018,URBANO,NO SABE,10.173830000000001
Jun 2018 - Nov 2018,RURAL,NADA / POCO,58.254109999999997
Jun 2018 - Nov 2018,RURAL,SUFICIENTE / BASTANTE,9.4140440000000005
Jun 2018 - Nov 2018,RURAL,NO SABE,32.331850000000003
Jul 2018 - Dic 2018,NACIONAL,NADA / POCO,68.162400000000005
Jul 2018 - Dic 2018,NACIONAL,SUFICIENTE / BASTANTE,17.12172
Jul 2018 - Dic 2018,NACIONAL,NO SABE,14.71588
Jul 2018 - Dic 2018,URBANO,NADA / POCO,70.610050000000001
Jul 2018 - Dic 2018,URBANO,SUFICIENTE / BASTANTE,18.996559999999999
Jul 2018 - Dic 2018,URBANO,NO SABE,10.39339
Jul 2018 - Dic 2018,RURAL,NADA / POCO,57.598520000000001
Jul 2018 - Dic 2018,RURAL,SUFICIENTE / BASTANTE,9.0300670000000007
Jul 2018 - Dic 2018,RURAL,NO SABE,33.371420000000001
Ago 2018 - Ene 2019,NACIONAL,NADA / POCO,68.015815734863196
Ago 2018 - Ene 2019,NACIONAL,SUFICIENTE / BASTANTE,17.264354705810501
Ago 2018 - Ene 2019,NACIONAL,NO SABE,14.719831466674799
Ago 2018 - Ene 2019,URBANO,NADA / POCO,70.409187316894503
Ago 2018 - Ene 2019,URBANO,SUFICIENTE / BASTANTE,19.1316623687744
Ago 2018 - Ene 2019,URBANO,NO SABE,10.4591512680053
Ago 2018 - Ene 2019,RURAL,NADA / POCO,57.677982330322202
Ago 2018 - Ene 2019,RURAL,SUFICIENTE / BASTANTE,9.1987886428833008
Ago 2018 - Ene 2019,RURAL,NO SABE,33.1232299804687
Set 2018 - Feb 2019,NACIONAL,NADA / POCO,65.808212280273395
Set 2018 - Feb 2019,NACIONAL,SUFICIENTE / BASTANTE,18.402595520019499
Set 2018 - Feb 2019,NACIONAL,NO SABE,15.789191246032701
Set 2018 - Feb 2019,URBANO,NADA / POCO,68.200218200683494
Set 2018 - Feb 2019,URBANO,SUFICIENTE / BASTANTE,20.4771118164062
Set 2018 - Feb 2019,URBANO,NO SABE,11.3226709365844
Set 2018 - Feb 2019,RURAL,NADA / POCO,55.461177825927699
Set 2018 - Feb 2019,RURAL,SUFICIENTE / BASTANTE,9.4289093017578107
Set 2018 - Feb 2019,RURAL,NO SABE,35.109912872314403
Oct 2018 - Mar 2019,NACIONAL,NADA / POCO,65.915115356445298
Oct 2018 - Mar 2019,NACIONAL,SUFICIENTE / BASTANTE,18.3498630523681
Oct 2018 - Mar 2019,NACIONAL,NO SABE,15.735023498535099
Oct 2018 - Mar 2019,URBANO,NADA / POCO,68.494895935058494
Oct 2018 - Mar 2019,URBANO,SUFICIENTE / BASTANTE,20.278387069702099
Oct 2018 - Mar 2019,URBANO,NO SABE,11.2267198562622
Oct 2018 - Mar 2019,RURAL,NADA / POCO,54.7380981445312
Oct 2018 - Mar 2019,RURAL,SUFICIENTE / BASTANTE,9.9944410324096609
Oct 2018 - Mar 2019,RURAL,NO SABE,35.267459869384702
Nov 2018 - Abr 2019,NACIONAL,NADA / POCO,65.906661987304602
Nov 2018 - Abr 2019,NACIONAL,SUFICIENTE / BASTANTE,18.801418304443299
Nov 2018 - Abr 2019,NACIONAL,NO SABE,15.291918754577599
Nov 2018 - Abr 2019,URBANO,NADA / POCO,68.553321838378906
Nov 2018 - Abr 2019,URBANO,SUFICIENTE / BASTANTE,20.707075119018501
Nov 2018 - Abr 2019,URBANO,NO SABE,10.7396030426025
Nov 2018 - Abr 2019,RURAL,NADA / POCO,54.404953002929602
Nov 2018 - Abr 2019,RURAL,SUFICIENTE / BASTANTE,10.519918441772401
Nov 2018 - Abr 2019,RURAL,NO SABE,35.075130462646399
Dic 2018 - May 2019,NACIONAL,NADA / POCO,65.730003356933494
Dic 2018 - May 2019,NACIONAL,SUFICIENTE / BASTANTE,19.074644088745099
Dic 2018 - May 2019,NACIONAL,NO SABE,15.1953516006469
Dic 2018 - May 2019,URBANO,NADA / POCO,68.407920837402301
Dic 2018 - May 2019,URBANO,SUFICIENTE / BASTANTE,20.973775863647401
Dic 2018 - May 2019,URBANO,NO SABE,10.618304252624499
Dic 2018 - May 2019,RURAL,NADA / POCO,54.111236572265597
Dic 2018 - May 2019,RURAL,SUFICIENTE / BASTANTE,10.8348016738891
Dic 2018 - May 2019,RURAL,NO SABE,35.053962707519503
Ene 2019 - Jun 2019,NACIONAL,NADA / POCO,65.726127624511705
Ene 2019 - Jun 2019,NACIONAL,SUFICIENTE / BASTANTE,19.590469360351499
Ene 2019 - Jun 2019,NACIONAL,NO SABE,14.6833992004394
Ene 2019 - Jun 2019,URBANO,NADA / POCO,68.292320251464801
Ene 2019 - Jun 2019,URBANO,SUFICIENTE / BASTANTE,21.540132522583001
Ene 2019 - Jun 2019,URBANO,NO SABE,10.167550086975
Ene 2019 - Jun 2019,RURAL,NADA / POCO,54.606990814208899
Ene 2019 - Jun 2019,RURAL,SUFICIENTE / BASTANTE,11.142696380615201
Ene 2019 - Jun 2019,RURAL,NO SABE,34.250312805175703
Feb 2019 - Jul 2019,NACIONAL,NADA / POCO,65.479949951171804
Feb 2019 - Jul 2019,NACIONAL,SUFICIENTE / BASTANTE,19.715568542480401
Feb 2019 - Jul 2019,NACIONAL,NO SABE,14.8044824600219
Feb 2019 - Jul 2019,URBANO,NADA / POCO,68.08251953125
Feb 2019 - Jul 2019,URBANO,SUFICIENTE / BASTANTE,21.566991806030199
Feb 2019 - Jul 2019,URBANO,NO SABE,10.350489616394
Feb 2019 - Jul 2019,RURAL,NADA / POCO,54.138431549072202
Feb 2019 - Jul 2019,RURAL,SUFICIENTE / BASTANTE,11.647400856018001
Feb 2019 - Jul 2019,RURAL,NO SABE,34.214168548583899
Mar 2019 - Ago 2019,NACIONAL,NADA / POCO,66.288108825683494
Mar 2019 - Ago 2019,NACIONAL,SUFICIENTE / BASTANTE,19.711572647094702
Mar 2019 - Ago 2019,NACIONAL,NO SABE,14.0003194808959
Mar 2019 - Ago 2019,URBANO,NADA / POCO,68.839714050292898
Mar 2019 - Ago 2019,URBANO,SUFICIENTE / BASTANTE,21.486089706420799
Mar 2019 - Ago 2019,URBANO,NO SABE,9.6741991043090803
Mar 2019 - Ago 2019,RURAL,NADA / POCO,55.190475463867102
Mar 2019 - Ago 2019,RURAL,SUFICIENTE / BASTANTE,11.993714332580501
Mar 2019 - Ago 2019,RURAL,NO SABE,32.815811157226499
Abr 2019 - Sep 2019,NACIONAL,NADA / POCO,66.154708862304602
Abr 2019 - Sep 2019,NACIONAL,SUFICIENTE / BASTANTE,19.9426555633544
Abr 2019 - Sep 2019,NACIONAL,NO SABE,13.9026346206665
Abr 2019 - Sep 2019,URBANO,NADA / POCO,68.705703735351506
Abr 2019 - Sep 2019,URBANO,SUFICIENTE / BASTANTE,21.847795486450099
Abr 2019 - Sep 2019,URBANO,NO SABE,9.4464979171752894
Abr 2019 - Sep 2019,RURAL,NADA / POCO,54.992626190185497
Abr 2019 - Sep 2019,RURAL,SUFICIENTE / BASTANTE,11.606569290161101
Abr 2019 - Sep 2019,RURAL,NO SABE,33.400802612304602
May 2019 - Oct 2019,NACIONAL,NADA / POCO,65.860115051269503
May 2019 - Oct 2019,NACIONAL,SUFICIENTE / BASTANTE,19.865861892700099
May 2019 - Oct 2019,NACIONAL,NO SABE,14.2740221023559
May 2019 - Oct 2019,URBANO,NADA / POCO,68.209968566894503
May 2019 - Oct 2019,URBANO,SUFICIENTE / BASTANTE,21.599288940429599
May 2019 - Oct 2019,URBANO,NO SABE,10.1907386779785
May 2019 - Oct 2019,RURAL,NADA / POCO,55.562564849853501
May 2019 - Oct 2019,RURAL,SUFICIENTE / BASTANTE,12.2696228027343
May 2019 - Oct 2019,RURAL,NO SABE,32.167812347412102
Jun 2019 - Nov 2019,NACIONAL,NADA / POCO,66.245002746582003
Jun 2019 - Nov 2019,NACIONAL,SUFICIENTE / BASTANTE,19.9138488769531
Jun 2019 - Nov 2019,NACIONAL,NO SABE,13.8411502838134
Jun 2019 - Nov 2019,URBANO,NADA / POCO,68.596427917480398
Jun 2019 - Nov 2019,URBANO,SUFICIENTE / BASTANTE,21.5948390960693
Jun 2019 - Nov 2019,URBANO,NO SABE,9.80873298645019
Jun 2019 - Nov 2019,RURAL,NADA / POCO,55.873306274413999
Jun 2019 - Nov 2019,RURAL,SUFICIENTE / BASTANTE,12.499330520629799
Jun 2019 - Nov 2019,RURAL,NO SABE,31.627363204956001
Jul 2019 - Dic 2019,NACIONAL,NADA / POCO,66.336921691894503
Jul 2019 - Dic 2019,NACIONAL,SUFICIENTE / BASTANTE,19.7600784301757
Jul 2019 - Dic 2019,NACIONAL,NO SABE,13.903002738952599
Jul 2019 - Dic 2019,URBANO,NADA / POCO,68.773101806640597
Jul 2019 - Dic 2019,URBANO,SUFICIENTE / BASTANTE,21.3983459472656
Jul 2019 - Dic 2019,URBANO,NO SABE,9.8285493850708008
Jul 2019 - Dic 2019,RURAL,NADA / POCO,55.541904449462798
Jul 2019 - Dic 2019,RURAL,SUFICIENTE / BASTANTE,12.500734329223601
Jul 2019 - Dic 2019,RURAL,NO SABE,31.957359313964801
Ago 2019 - Ene 2020,NACIONAL,NADA / POCO,66.082220000000007
Ago 2019 - Ene 2020,NACIONAL,SUFICIENTE / BASTANTE,20.591950000000001
Ago 2019 - Ene 2020,NACIONAL,NO SABE,13.32582
Ago 2019 - Ene 2020,URBANO,NADA / POCO,68.385750000000002
Ago 2019 - Ene 2020,URBANO,SUFICIENTE / BASTANTE,22.39301
Ago 2019 - Ene 2020,URBANO,NO SABE,9.2212440000000004
Ago 2019 - Ene 2020,RURAL,NADA / POCO,55.89669
Ago 2019 - Ene 2020,RURAL,SUFICIENTE / BASTANTE,12.628170000000001
Ago 2019 - Ene 2020,RURAL,NO SABE,31.47514
Sep 2019 - Feb 2020,NACIONAL,NADA / POCO,65.721689999999995
Sep 2019 - Feb 2020,NACIONAL,SUFICIENTE / BASTANTE,21.150539999999999
Sep 2019 - Feb 2020,NACIONAL,NO SABE,13.12777
Sep 2019 - Feb 2020,URBANO,NADA / POCO,68.053539999999998
Sep 2019 - Feb 2020,URBANO,SUFICIENTE / BASTANTE,23.00751
Sep 2019 - Feb 2020,URBANO,NO SABE,8.9389520000000005
Sep 2019 - Feb 2020,RURAL,NADA / POCO,55.364789999999999
Sep 2019 - Feb 2020,RURAL,SUFICIENTE / BASTANTE,12.90288
Sep 2019 - Feb 2020,RURAL,NO SABE,31.732330000000001
Oct 2019 - Mar 2020,NACIONAL,NADA / POCO,65.565780000000004
Oct 2019 - Mar 2020,NACIONAL,SUFICIENTE / BASTANTE,21.707550000000001
Oct 2019 - Mar 2020,NACIONAL,NO SABE,12.72667
Oct 2019 - Mar 2020,URBANO,NADA / POCO,67.644859999999994
Oct 2019 - Mar 2020,URBANO,SUFICIENTE / BASTANTE,23.619669999999999
Oct 2019 - Mar 2020,URBANO,NO SABE,8.7354640000000003
Oct 2019 - Mar 2020,RURAL,NADA / POCO,56.327309999999997
Oct 2019 - Mar 2020,RURAL,SUFICIENTE / BASTANTE,13.21096
Oct 2019 - Mar 2020,RURAL,NO SABE,30.461729999999999
Oct 2020 - Mar 2021,NACIONAL,NADA / POCO,65.232460000000003
Oct 2020 - Mar 2021,NACIONAL,SUFICIENTE / BASTANTE,19.346029999999999
Oct 2020 - Mar 2021,NACIONAL,NO SABE,15.421519999999999
Oct 2020 - Mar 2021,URBANO,NADA / POCO,67.233670000000004
Oct 2020 - Mar 2021,URBANO,SUFICIENTE / BASTANTE,21.237259999999999
Oct 2020 - Mar 2021,URBANO,NO SABE,11.529070000000001
Oct 2020 - Mar 2021,RURAL,NADA / POCO,56.286990000000003
Oct 2020 - Mar 2021,RURAL,SUFICIENTE / BASTANTE,10.89217
Oct 2020 - Mar 2021,RURAL,NO SABE,32.820839999999997
Nov 2020 - Abr 2021,NACIONAL,NADA / POCO,66.300210000000007
Nov 2020 - Abr 2021,NACIONAL,SUFICIENTE / BASTANTE,18.22578
Nov 2020 - Abr 2021,NACIONAL,NO SABE,15.47401
Nov 2020 - Abr 2021,URBANO,NADA / POCO,68.676439999999999
Nov 2020 - Abr 2021,URBANO,SUFICIENTE / BASTANTE,19.77402
Nov 2020 - Abr 2021,URBANO,NO SABE,11.54954
Nov 2020 - Abr 2021,RURAL,NADA / POCO,55.635809999999999
Nov 2020 - Abr 2021,RURAL,SUFICIENTE / BASTANTE,11.27735
Nov 2020 - Abr 2021,RURAL,NO SABE,33.086840000000002
Dic 2020 - May 2021,NACIONAL,NADA / POCO,66.130390000000006
Dic 2020 - May 2021,NACIONAL,SUFICIENTE / BASTANTE,18.510619999999999
Dic 2020 - May 2021,NACIONAL,NO SABE,15.359
Dic 2020 - May 2021,URBANO,NADA / POCO,68.151359999999997
Dic 2020 - May 2021,URBANO,SUFICIENTE / BASTANTE,20.193069999999999
Dic 2020 - May 2021,URBANO,NO SABE,11.655559999999999
Dic 2020 - May 2021,RURAL,NADA / POCO,56.971580000000003
Dic 2020 - May 2021,RURAL,SUFICIENTE / BASTANTE,10.88594
Dic 2020 - May 2021,RURAL,NO SABE,32.142479999999999
Ene 2021 - Jun 2021,NACIONAL,NADA / POCO,66.489840000000001
Ene 2021 - Jun 2021,NACIONAL,SUFICIENTE / BASTANTE,18.836259999999999
Ene 2021 - Jun 2021,NACIONAL,NO SABE,14.6739
Ene 2021 - Jun 2021,URBANO,NADA / POCO,68.322739999999996
Ene 2021 - Jun 2021,URBANO,SUFICIENTE / BASTANTE,20.538309999999999
Ene 2021 - Jun 2021,URBANO,NO SABE,11.138949999999999
Ene 2021 - Jun 2021,RURAL,NADA / POCO,58.12867
Ene 2021 - Jun 2021,RURAL,SUFICIENTE / BASTANTE,11.072010000000001
Ene 2021 - Jun 2021,RURAL,NO SABE,30.799320000000002
Feb 2021 - Jul 2021,NACIONAL,NADA / POCO,65.995289999999997
Feb 2021 - Jul 2021,NACIONAL,SUFICIENTE / BASTANTE,19.583960000000001
Feb 2021 - Jul 2021,NACIONAL,NO SABE,14.42075
Feb 2021 - Jul 2021,URBANO,NADA / POCO,67.529560000000004
Feb 2021 - Jul 2021,URBANO,SUFICIENTE / BASTANTE,21.332889999999999
Feb 2021 - Jul 2021,URBANO,NO SABE,11.137549999999999
Feb 2021 - Jul 2021,RURAL,NADA / POCO,58.953949999999999
Feb 2021 - Jul 2021,RURAL,SUFICIENTE / BASTANTE,11.55747
Feb 2021 - Jul 2021,RURAL,NO SABE,29.488579999999999
Mar 2021 - Ago 2021,NACIONAL,NADA / POCO,65.972269999999995
Mar 2021 - Ago 2021,NACIONAL,SUFICIENTE / BASTANTE,19.625720000000001
Mar 2021 - Ago 2021,NACIONAL,NO SABE,14.402010000000001
Mar 2021 - Ago 2021,URBANO,NADA / POCO,67.449100000000001
Mar 2021 - Ago 2021,URBANO,SUFICIENTE / BASTANTE,21.39669
Mar 2021 - Ago 2021,URBANO,NO SABE,11.154210000000001
Mar 2021 - Ago 2021,RURAL,NADA / POCO,59.069980000000001
Mar 2021 - Ago 2021,RURAL,SUFICIENTE / BASTANTE,11.348699999999999
Mar 2021 - Ago 2021,RURAL,NO SABE,29.581330000000001
Abr 2021 - Sep 2021,NACIONAL,NADA / POCO,65.913420000000002
Abr 2021 - Sep 2021,NACIONAL,SUFICIENTE / BASTANTE,19.508890000000001
Abr 2021 - Sep 2021,NACIONAL,NO SABE,14.57769
Abr 2021 - Sep 2021,URBANO,NADA / POCO,67.462879999999998
Abr 2021 - Sep 2021,URBANO,SUFICIENTE / BASTANTE,21.17126
Abr 2021 - Sep 2021,URBANO,NO SABE,11.36586
Abr 2021 - Sep 2021,RURAL,NADA / POCO,58.6539
Abr 2021 - Sep 2021,RURAL,SUFICIENTE / BASTANTE,11.720359999999999
Abr 2021 - Sep 2021,RURAL,NO SABE,29.62574
May 2021 - Oct 2021,NACIONAL,NADA / POCO,64.774230000000003
May 2021 - Oct 2021,NACIONAL,SUFICIENTE / BASTANTE,20.705459999999999
May 2021 - Oct 2021,NACIONAL,NO SABE,14.52032
May 2021 - Oct 2021,URBANO,NADA / POCO,65.976849999999999
May 2021 - Oct 2021,URBANO,SUFICIENTE / BASTANTE,22.67878
May 2021 - Oct 2021,URBANO,NO SABE,11.34437
May 2021 - Oct 2021,RURAL,NADA / POCO,59.136150000000001
May 2021 - Oct 2021,RURAL,SUFICIENTE / BASTANTE,11.45421
May 2021 - Oct 2021,RURAL,NO SABE,29.40964
Jun 2021 - Nov 2021,NACIONAL,NADA / POCO,64.610969999999995
Jun 2021 - Nov 2021,NACIONAL,SUFICIENTE / BASTANTE,21.040510000000001
Jun 2021 - Nov 2021,NACIONAL,NO SABE,14.348520000000001
Jun 2021 - Nov 2021,URBANO,NADA / POCO,66.061440000000005
Jun 2021 - Nov 2021,URBANO,SUFICIENTE / BASTANTE,23.041070000000001
Jun 2021 - Nov 2021,URBANO,NO SABE,10.897489999999999
Jun 2021 - Nov 2021,RURAL,NADA / POCO,57.7941
Jun 2021 - Nov 2021,RURAL,SUFICIENTE / BASTANTE,11.63836
Jun 2021 - Nov 2021,RURAL,NO SABE,30.567540000000001
Jul 2021 - Dic 2021,NACIONAL,NADA / POCO,64.678560000000004
Jul 2021 - Dic 2021,NACIONAL,SUFICIENTE / BASTANTE,20.679970000000001
Jul 2021 - Dic 2021,NACIONAL,NO SABE,14.64147
Jul 2021 - Dic 2021,URBANO,NADA / POCO,66.428619999999995
Jul 2021 - Dic 2021,URBANO,SUFICIENTE / BASTANTE,22.475000000000001
Jul 2021 - Dic 2021,URBANO,NO SABE,11.09638
Jul 2021 - Dic 2021,RURAL,NADA / POCO,56.45147
Jul 2021 - Dic 2021,RURAL,SUFICIENTE / BASTANTE,12.24141
Jul 2021 - Dic 2021,RURAL,NO SABE,31.307120000000001
Ago 2021 - Ene 2022,NACIONAL,NADA / POCO,65.479156494140597
Ago 2021 - Ene 2022,NACIONAL,SUFICIENTE / BASTANTE,20.0828037261962
Ago 2021 - Ene 2022,NACIONAL,NO SABE,14.438039779663001
Ago 2021 - Ene 2022,URBANO,NADA / POCO,67.532127380370994
Ago 2021 - Ene 2022,URBANO,SUFICIENTE / BASTANTE,21.747390747070298
Ago 2021 - Ene 2022,URBANO,NO SABE,10.720482826232899
Ago 2021 - Ene 2022,RURAL,NADA / POCO,55.833179473876903
Ago 2021 - Ene 2022,RURAL,SUFICIENTE / BASTANTE,12.261654853820801
Ago 2021 - Ene 2022,RURAL,NO SABE,31.905164718627901
Sep 2021 - Feb 2022,NACIONAL,NADA / POCO,65.464256286620994
Sep 2021 - Feb 2022,NACIONAL,SUFICIENTE / BASTANTE,19.955629348754801
Sep 2021 - Feb 2022,NACIONAL,NO SABE,14.580115318298301
Sep 2021 - Feb 2022,URBANO,NADA / POCO,67.737922668457003
Sep 2021 - Feb 2022,URBANO,SUFICIENTE / BASTANTE,21.51021194458
Sep 2021 - Feb 2022,URBANO,NO SABE,10.7518663406372
Sep 2021 - Feb 2022,RURAL,NADA / POCO,54.757530212402301
Sep 2021 - Feb 2022,RURAL,SUFICIENTE / BASTANTE,12.6350898742675
Sep 2021 - Feb 2022,RURAL,NO SABE,32.60737991333
Oct 2021 - Mar 2022,NACIONAL,NADA / POCO,65.541618347167898
Oct 2021 - Mar 2022,NACIONAL,SUFICIENTE / BASTANTE,19.9109802246093
Oct 2021 - Mar 2022,NACIONAL,NO SABE,14.5474042892456
Oct 2021 - Mar 2022,URBANO,NADA / POCO,67.9986572265625
Oct 2021 - Mar 2022,URBANO,SUFICIENTE / BASTANTE,21.441656112670799
Oct 2021 - Mar 2022,URBANO,NO SABE,10.5596866607666
Oct 2021 - Mar 2022,RURAL,NADA / POCO,53.9265327453613
Oct 2021 - Mar 2022,RURAL,SUFICIENTE / BASTANTE,12.6750745773315
Oct 2021 - Mar 2022,RURAL,NO SABE,33.398391723632798
Nov 2021 - Abr 2022,NACIONAL,NADA / POCO,66.259025573730398
Nov 2021 - Abr 2022,NACIONAL,SUFICIENTE / BASTANTE,19.476791381835898
Nov 2021 - Abr 2022,NACIONAL,NO SABE,14.264181137084901
Nov 2021 - Abr 2022,URBANO,NADA / POCO,68.855926513671804
Nov 2021 - Abr 2022,URBANO,SUFICIENTE / BASTANTE,20.935811996459901
Nov 2021 - Abr 2022,URBANO,NO SABE,10.208264350891101
Nov 2021 - Abr 2022,RURAL,NADA / POCO,53.951515197753899
Nov 2021 - Abr 2022,RURAL,SUFICIENTE / BASTANTE,12.5620365142822
Nov 2021 - Abr 2022,RURAL,NO SABE,33.486446380615199
Dic 2021 - May 2022,NACIONAL,NADA / POCO,66.838424682617102
Dic 2021 - May 2022,NACIONAL,SUFICIENTE / BASTANTE,19.250188827514599
Dic 2021 - May 2022,NACIONAL,NO SABE,13.911389350891101
Dic 2021 - May 2022,URBANO,NADA / POCO,69.320602416992102
Dic 2021 - May 2022,URBANO,SUFICIENTE / BASTANTE,20.668094635009702
Dic 2021 - May 2022,URBANO,NO SABE,10.011303901672299
Dic 2021 - May 2022,RURAL,NADA / POCO,55.070793151855398
Dic 2021 - May 2022,RURAL,SUFICIENTE / BASTANTE,12.528129577636699
Dic 2021 - May 2022,RURAL,NO SABE,32.401077270507798
Ene 2022 - Jun 2022,NACIONAL,NADA / POCO,66.852844238281193
Ene 2022 - Jun 2022,NACIONAL,SUFICIENTE / BASTANTE,19.2840461730957
Ene 2022 - Jun 2022,NACIONAL,NO SABE,13.8631124496459
Ene 2022 - Jun 2022,URBANO,NADA / POCO,69.148963928222599
Ene 2022 - Jun 2022,URBANO,SUFICIENTE / BASTANTE,20.8156929016113
Ene 2022 - Jun 2022,URBANO,NO SABE,10.035343170166
Ene 2022 - Jun 2022,RURAL,NADA / POCO,55.989948272705
Ene 2022 - Jun 2022,RURAL,SUFICIENTE / BASTANTE,12.0378713607788
Ene 2022 - Jun 2022,RURAL,NO SABE,31.972179412841701
Feb 2022 - Jul 2022,NACIONAL,NADA / POCO,66.248031616210895
Feb 2022 - Jul 2022,NACIONAL,SUFICIENTE / BASTANTE,19.851221084594702
Feb 2022 - Jul 2022,NACIONAL,NO SABE,13.900749206542899
Feb 2022 - Jul 2022,URBANO,NADA / POCO,68.386116027832003
Feb 2022 - Jul 2022,URBANO,SUFICIENTE / BASTANTE,21.522960662841701
Feb 2022 - Jul 2022,URBANO,NO SABE,10.090923309326101
Feb 2022 - Jul 2022,RURAL,NADA / POCO,56.152023315429602
Feb 2022 - Jul 2022,RURAL,SUFICIENTE / BASTANTE,11.9572896957397
Feb 2022 - Jul 2022,RURAL,NO SABE,31.8906860351562
Mar 2022 - Ago 2022,NACIONAL,NADA / POCO,66.209373474120994
Mar 2022 - Ago 2022,NACIONAL,SUFICIENTE / BASTANTE,20.177415847778299
Mar 2022 - Ago 2022,NACIONAL,NO SABE,13.613207817077599
Mar 2022 - Ago 2022,URBANO,NADA / POCO,68.135833740234304
Mar 2022 - Ago 2022,URBANO,SUFICIENTE / BASTANTE,22.014122009277301
Mar 2022 - Ago 2022,URBANO,NO SABE,9.8500413894653303
Mar 2022 - Ago 2022,RURAL,NADA / POCO,57.1075019836425
Mar 2022 - Ago 2022,RURAL,SUFICIENTE / BASTANTE,11.499595642089799
Mar 2022 - Ago 2022,RURAL,NO SABE,31.3929023742675
Abr 2022 - Sep 2022,NACIONAL,NADA / POCO,66.278327941894503
Abr 2022 - Sep 2022,NACIONAL,SUFICIENTE / BASTANTE,20.244480133056602
Abr 2022 - Sep 2022,NACIONAL,NO SABE,13.477194786071699
Abr 2022 - Sep 2022,URBANO,NADA / POCO,68.264961242675696
Abr 2022 - Sep 2022,URBANO,SUFICIENTE / BASTANTE,22.219655990600501
Abr 2022 - Sep 2022,URBANO,NO SABE,9.5153846740722603
Abr 2022 - Sep 2022,RURAL,NADA / POCO,56.894790649413999
Abr 2022 - Sep 2022,RURAL,SUFICIENTE / BASTANTE,10.915060043334901
Abr 2022 - Sep 2022,RURAL,NO SABE,32.190151214599602
May 2022 - Oct 2022,NACIONAL,NADA / POCO,65.784835815429602
May 2022 - Oct 2022,NACIONAL,SUFICIENTE / BASTANTE,20.520481109619102
May 2022 - Oct 2022,NACIONAL,NO SABE,13.694683074951101
May 2022 - Oct 2022,URBANO,NADA / POCO,67.664047241210895
May 2022 - Oct 2022,URBANO,SUFICIENTE / BASTANTE,22.542778015136701
May 2022 - Oct 2022,URBANO,NO SABE,9.7931756973266602
May 2022 - Oct 2022,RURAL,NADA / POCO,56.877346038818303
May 2022 - Oct 2022,RURAL,SUFICIENTE / BASTANTE,10.9347581863403
May 2022 - Oct 2022,RURAL,NO SABE,32.187896728515597
Jun 2022 - Nov 2022,NACIONAL,NADA / POCO,65.703399658203097
Jun 2022 - Nov 2022,NACIONAL,SUFICIENTE / BASTANTE,20.367090225219702
Jun 2022 - Nov 2022,NACIONAL,NO SABE,13.9295091629028
Jun 2022 - Nov 2022,URBANO,NADA / POCO,67.626541137695298
Jun 2022 - Nov 2022,URBANO,SUFICIENTE / BASTANTE,22.4348239898681
Jun 2022 - Nov 2022,URBANO,NO SABE,9.9386348724365199
Jun 2022 - Nov 2022,RURAL,NADA / POCO,56.575691223144503
Jun 2022 - Nov 2022,RURAL,SUFICIENTE / BASTANTE,10.553097724914499
Jun 2022 - Nov 2022,RURAL,NO SABE,32.871208190917898
Jul 2022 - Dic 2022,NACIONAL,NADA / POCO,65.775848388671804
Jul 2022 - Dic 2022,NACIONAL,SUFICIENTE / BASTANTE,20.045946121215799
Jul 2022 - Dic 2022,NACIONAL,NO SABE,14.1782026290893
Jul 2022 - Dic 2022,URBANO,NADA / POCO,67.866127014160099
Jul 2022 - Dic 2022,URBANO,SUFICIENTE / BASTANTE,22.0588073730468
Jul 2022 - Dic 2022,URBANO,NO SABE,10.0750665664672
Jul 2022 - Dic 2022,RURAL,NADA / POCO,55.822944641113203
Jul 2022 - Dic 2022,RURAL,SUFICIENTE / BASTANTE,10.461646080016999
Jul 2022 - Dic 2022,RURAL,NO SABE,33.715408325195298
Ago 2022 - Ene 2023,NACIONAL,NADA / POCO,65.905654907226506
Ago 2022 - Ene 2023,NACIONAL,SUFICIENTE / BASTANTE,19.4965915679931
Ago 2022 - Ene 2023,NACIONAL,NO SABE,14.597753524780201
Ago 2022 - Ene 2023,URBANO,NADA / POCO,68.034843444824205
Ago 2022 - Ene 2023,URBANO,SUFICIENTE / BASTANTE,21.347225189208899
Ago 2022 - Ene 2023,URBANO,NO SABE,10.617930412292401
Ago 2022 - Ene 2023,RURAL,NADA / POCO,55.737724304199197
Ago 2022 - Ene 2023,RURAL,SUFICIENTE / BASTANTE,10.658885955810501
Ago 2022 - Ene 2023,RURAL,NO SABE,33.603389739990199
Sep 2022 - Feb 2023,NACIONAL,NADA / POCO,65.996337890625
Sep 2022 - Feb 2023,NACIONAL,SUFICIENTE / BASTANTE,18.795486450195298
Sep 2022 - Feb 2023,NACIONAL,NO SABE,15.208178520202599
Sep 2022 - Feb 2023,URBANO,NADA / POCO,68.196212768554602
Sep 2022 - Feb 2023,URBANO,SUFICIENTE / BASTANTE,20.468456268310501
Sep 2022 - Feb 2023,URBANO,NO SABE,11.3353281021118
Sep 2022 - Feb 2023,RURAL,NADA / POCO,55.439922332763601
Sep 2022 - Feb 2023,RURAL,SUFICIENTE / BASTANTE,10.767515182495099
Sep 2022 - Feb 2023,RURAL,NO SABE,33.792564392089801
Oct 2022 - Mar 2023,NACIONAL,NADA / POCO,66.313362121582003
Oct 2022 - Mar 2023,NACIONAL,SUFICIENTE / BASTANTE,18.604049682617099
Oct 2022 - Mar 2023,NACIONAL,NO SABE,15.0825881958007
Oct 2022 - Mar 2023,URBANO,NADA / POCO,68.435989379882798
Oct 2022 - Mar 2023,URBANO,SUFICIENTE / BASTANTE,20.237646102905199
Oct 2022 - Mar 2023,URBANO,NO SABE,11.326361656188899
Oct 2022 - Mar 2023,RURAL,NADA / POCO,56.103614807128899
Oct 2022 - Mar 2023,RURAL,SUFICIENTE / BASTANTE,10.7465372085571
Oct 2022 - Mar 2023,RURAL,NO SABE,33.149845123291001
Nov 2022 - Abr 2023,NACIONAL,NADA / POCO,66.420400000000001
Nov 2022 - Abr 2023,NACIONAL,SUFICIENTE / BASTANTE,18.424600000000002
Nov 2022 - Abr 2023,NACIONAL,NO SABE,15.154999999999999
Nov 2022 - Abr 2023,URBANO,NADA / POCO,68.466729999999998
Nov 2022 - Abr 2023,URBANO,SUFICIENTE / BASTANTE,19.988240000000001
Nov 2022 - Abr 2023,URBANO,NO SABE,11.545019999999999
Nov 2022 - Abr 2023,RURAL,NADA / POCO,56.627299999999998
Nov 2022 - Abr 2023,RURAL,SUFICIENTE / BASTANTE,10.9415
Nov 2022 - Abr 2023,RURAL,NO SABE,32.431199999999997
Dic 2022 - May 2023,NACIONAL,NADA / POCO,66.284289999999999
Dic 2022 - May 2023,NACIONAL,SUFICIENTE / BASTANTE,18.641760000000001
Dic 2022 - May 2023,NACIONAL,NO SABE,15.07395
Dic 2022 - May 2023,URBANO,NADA / POCO,68.311199999999999
Dic 2022 - May 2023,URBANO,SUFICIENTE / BASTANTE,20.3245
Dic 2022 - May 2023,URBANO,NO SABE,11.36431
Dic 2022 - May 2023,RURAL,NADA / POCO,56.607410000000002
Dic 2022 - May 2023,RURAL,SUFICIENTE / BASTANTE,10.60802
Dic 2022 - May 2023,RURAL,NO SABE,32.784570000000002
Ene 2023 - Jun 2023,NACIONAL,NADA / POCO,65.674599999999998
Ene 2023 - Jun 2023,NACIONAL,SUFICIENTE / BASTANTE,19.41375
Ene 2023 - Jun 2023,NACIONAL,NO SABE,14.91165
Ene 2023 - Jun 2023,URBANO,NADA / POCO,67.662980000000005
Ene 2023 - Jun 2023,URBANO,SUFICIENTE / BASTANTE,21.010560000000002
Ene 2023 - Jun 2023,URBANO,NO SABE,11.326460000000001
Ene 2023 - Jun 2023,RURAL,NADA / POCO,56.152880000000003
Ene 2023 - Jun 2023,RURAL,SUFICIENTE / BASTANTE,11.76718
Ene 2023 - Jun 2023,RURAL,NO SABE,32.079940000000001
Feb 2023 - Jul 2023,NACIONAL,NADA / POCO,65.471670000000003
Feb 2023 - Jul 2023,NACIONAL,SUFICIENTE / BASTANTE,19.94652
Feb 2023 - Jul 2023,NACIONAL,NO SABE,14.581810000000001
Feb 2023 - Jul 2023,URBANO,NADA / POCO,67.574349999999995
Feb 2023 - Jul 2023,URBANO,SUFICIENTE / BASTANTE,21.549900000000001
Feb 2023 - Jul 2023,URBANO,NO SABE,10.87576
Feb 2023 - Jul 2023,RURAL,NADA / POCO,55.411819999999999
Feb 2023 - Jul 2023,RURAL,SUFICIENTE / BASTANTE,12.275460000000001
Feb 2023 - Jul 2023,RURAL,NO SABE,32.312719999999999
Mar 2023 - Ago 2023,NACIONAL,NADA / POCO,65.572180000000003
Mar 2023 - Ago 2023,NACIONAL,SUFICIENTE / BASTANTE,20.071529999999999
Mar 2023 - Ago 2023,NACIONAL,NO SABE,14.35629
Mar 2023 - Ago 2023,URBANO,NADA / POCO,67.842320000000001
Mar 2023 - Ago 2023,URBANO,SUFICIENTE / BASTANTE,21.589469999999999
Mar 2023 - Ago 2023,URBANO,NO SABE,10.568210000000001
Mar 2023 - Ago 2023,RURAL,NADA / POCO,54.707340000000002
Mar 2023 - Ago 2023,RURAL,SUFICIENTE / BASTANTE,12.806710000000001
Mar 2023 - Ago 2023,RURAL,NO SABE,32.485950000000003
Abr 2023 - Sep 2023,NACIONAL,NADA / POCO,64.882492065429702
Abr 2023 - Sep 2023,NACIONAL,SUFICIENTE / BASTANTE,20.245111465454102
Abr 2023 - Sep 2023,NACIONAL,NO SABE,14.872394561767599
Abr 2023 - Sep 2023,URBANO,NADA / POCO,67.191810607910199
Abr 2023 - Sep 2023,URBANO,SUFICIENTE / BASTANTE,21.753862380981399
Abr 2023 - Sep 2023,URBANO,NO SABE,11.054324150085399
Abr 2023 - Sep 2023,RURAL,NADA / POCO,53.730003356933601
Abr 2023 - Sep 2023,RURAL,SUFICIENTE / BASTANTE,12.958848953247101
Abr 2023 - Sep 2023,RURAL,NO SABE,33.311149597167997
May 2023 - Oct 2023,NACIONAL,NADA / POCO,64.593969999999999
May 2023 - Oct 2023,NACIONAL,SUFICIENTE / BASTANTE,20.656230000000001
May 2023 - Oct 2023,NACIONAL,NO SABE,14.74981
May 2023 - Oct 2023,URBANO,NADA / POCO,66.900220000000004
May 2023 - Oct 2023,URBANO,SUFICIENTE / BASTANTE,22.335139999999999
May 2023 - Oct 2023,URBANO,NO SABE,10.76464
May 2023 - Oct 2023,RURAL,NADA / POCO,53.400120000000001
May 2023 - Oct 2023,RURAL,SUFICIENTE / BASTANTE,12.50727
May 2023 - Oct 2023,RURAL,NO SABE,34.092619999999997
Jun 2023 - Nov 2023,NACIONAL,NADA / POCO,64.972849999999994
Jun 2023 - Nov 2023,NACIONAL,SUFICIENTE / BASTANTE,20.19942
Jun 2023 - Nov 2023,NACIONAL,NO SABE,14.827730000000001
Jun 2023 - Nov 2023,URBANO,NADA / POCO,67.453249999999997
Jun 2023 - Nov 2023,URBANO,SUFICIENTE / BASTANTE,21.665140000000001
Jun 2023 - Nov 2023,URBANO,NO SABE,10.88161
Jun 2023 - Nov 2023,RURAL,NADA / POCO,52.902349999999998
Jun 2023 - Nov 2023,RURAL,SUFICIENTE / BASTANTE,13.066689999999999
Jun 2023 - Nov 2023,RURAL,NO SABE,34.03096
Jul 2023 - Dic 2023,NACIONAL,NADA / POCO,64.989707946777301
Jul 2023 - Dic 2023,NACIONAL,SUFICIENTE / BASTANTE,20.083011627197301
Jul 2023 - Dic 2023,NACIONAL,NO SABE,14.9272766113281
Jul 2023 - Dic 2023,URBANO,NADA / POCO,67.305145263671903
Jul 2023 - Dic 2023,URBANO,SUFICIENTE / BASTANTE,21.700696945190401
Jul 2023 - Dic 2023,URBANO,NO SABE,10.994157791137701
Jul 2023 - Dic 2023,RURAL,NADA / POCO,53.730228424072301
Jul 2023 - Dic 2023,RURAL,SUFICIENTE / BASTANTE,12.2165336608887
Jul 2023 - Dic 2023,RURAL,NO SABE,34.053237915039098
Jul 2023 - Dic 2023 CV%,NACIONAL,NADA / POCO,1.0358692407607999
Jul 2023 - Dic 2023 CV%,NACIONAL,SUFICIENTE / BASTANTE,2.7083718776702899
Jul 2023 - Dic 2023 CV%,NACIONAL,NO SABE,3.5165424346923801
Jul 2023 - Dic 2023 CV%,URBANO,NADA / POCO,1.14787232875824
Jul 2023 - Dic 2023 CV%,URBANO,SUFICIENTE / BASTANTE,2.9402923583984402
Jul 2023 - Dic 2023 CV%,URBANO,NO SABE,5.1688380241393999
Jul 2023 - Dic 2023 CV%,RURAL,NADA / POCO,2.1767981052398699
Jul 2023 - Dic 2023 CV%,RURAL,SUFICIENTE / BASTANTE,5.4720335006713903
Jul 2023 - Dic 2023 CV%,RURAL,NO SABE,3.52531790733337